<configuration configurationType='project' name='testProjectImportLvl1' description='Test project' runtimeServiceClass='de.dkfz.roddy.knowledge.examples.SimpleRuntimeService' imports="">
    <configurationvalues>
        <cvalue name='sourceFS' value='/icgc/dkfzlsdf' />

        <cvalue name='inputBaseDirectory' value='${sourceFS}/project/${projectName}/sequencing/${analysisMethodNameOnInput}/view-by-pid' type='path'/>
        <cvalue name='sampleDirectory' value='${inputBaseDirectory}/${pid}/${sample}/${SEQUENCER_PROTOCOL}' type='path'/>
        <cvalue name='sequenceDirectory' value='${sampleDirectory}/${run}/sequence' type='path'/>

        <cvalue name='outputBaseDirectory' value='${sourceFS}/analysis/${projectName}/results_per_pid' type='path'/>
        <cvalue name='outputAnalysisBaseDirectory' value='${outputBaseDirectory}/${pid}/${analysisMethodNameOnOutput}' type='path'/>
        <cvalue name='outputExecutionDirectory' value='${outputAnalysisBaseDirectory}/exec_${executionTimeString}' /> <!-- The execution time string is set during runtime -->

    </configurationvalues>
</configuration>
