<configuration configurationType='project' name='TestProjectForUnitTests' description='Like the name says' runtimeServiceClass='de.dkfz.roddy.knowledge.examples.SimpleRuntimeService' imports="testProjectImportLvl0">
    <availableAnalyses>
        <analysis id='test' configuration='testAnalysis' useplugin="DefaultPlugin:current" />
        <analysis id="testnative" configuration="testAnalysisNative" />
    </availableAnalyses>
    <configurationvalues>
        <cvalue name='inputBaseDirectory' value='$USERHOME/temp/roddyLocalTest/testproject/vbp' type='path'/>
        <cvalue name='outputBaseDirectory' value='$USERHOME/temp/roddyLocalTest/testproject/rpp' type='path'/>
        <!--<cvalue name="analysisMethodNameOnOutput" value="genome" type="string"/>-->
        <cvalue name="outputAnalysisBaseDirectory" value="${outputBaseDirectory}/${pid}" type="path"/>
        <!--<cvalue name="outputAnalysisBaseDirectory" value="${outputBaseDirectory}/${pid}" type="path"/>-->


        <cvalue name='isDebugConfiguration' value='true' type="boolean"/>
        <cvalue name='extractSamplesFromOutputFiles' value='true' type="boolean"/>
        <!--<cvalue name="testOutputDirectory" value="${outputAnalysisBaseDirectory}/testfiles2" type="path"/>-->

        <cvalue name='debugOptionsUseVerboseOutput' value='true' type="boolean"/>
        <cvalue name='debugOptionsUseExecuteOutput' value='true' type="boolean"/>
        <cvalue name='debugOptionsUseUndefinedVariableBreak' value='true' type="boolean"/>
        <cvalue name='debugOptionsUseExitOnError' value='false' type="boolean"/>
        <cvalue name='debugOptionsParseScripts' value='false' type="boolean"/>

        <cvalue name='CHROMOSOME_INDICES' value='( {1..22} )' type='bashArray'/>
    </configurationvalues>
    <subconfigurations>
        <configuration name="sub_inherit" inheritAnalyses="false">
            <availableAnalyses>
                <analysis id='test' configuration='testAnalysis'/>
            </availableAnalyses>
            <configurationvalues>
                <cvalue name='outputAnalysisBaseDirectory' value='${outputBaseDirectory}/${pid}' type='path'/>
            </configurationvalues>
            <processingTools>
                <tool name='testScript' value='testScriptSleep.sh' basepath='devel'>
                    <resourcesets>
                        <rset size="l" memory="4" cores="4" nodes="1" walltime="1"/>
                    </resourcesets>
                    <input type="file" typeof="de.dkfz.roddy.knowledge.examples.TextFile" scriptparameter="FILENAME_IN"/>
                    <output type="file" typeof="de.dkfz.roddy.knowledge.examples.TextFile" scriptparameter="FILENAME_OUT"/>
                </tool>

            </processingTools>
        </configuration>
    </subconfigurations>
</configuration>
