<configuration configurationType='project' name='skeletonProject'
               description='A skeleton project xml class.' imports="coBaseProject"
               usedresourcessize="l">
    <availableAnalyses>
        <!--<analysis id='snvCalling' configuration='snvCallingAnalysis' useplugin="COWorkflows:1.0.114"/>-->
    </availableAnalyses>
    <configurationvalues>
        <!--<cvalue name='inputBaseDirectory' value='$USERHOME/temp/roddyLocalTest/testproject/vbp' type='path'/>-->
        <!--<cvalue name='outputBaseDirectory' value='/icgc/dkfzlsdf/analysis/$USERGROUP/$USERNAME/roddyTests/${projectName}/rpp' type='path'/>-->
        <!--<cvalue name='outputAnalysisBaseDirectory' value='${outputBaseDirectory}/${pid}' type="path"/>-->

        <!--<cvalue name='debugOptionsUseVerboseOutput' value='true' type="boolean"/>-->
        <!--<cvalue name='debugOptionsUseExecuteOutput' value='true' type="boolean"/>-->
        <!--<cvalue name='debugOptionsUseUndefinedVariableBreak' value='true' type="boolean"/>-->
        <!--<cvalue name='debugOptionsUseExitOnError' value='false' type="boolean"/>-->
        <!--<cvalue name='debugOptionsParseScripts' value='false' type="boolean"/>-->
    </configurationvalues>
    <subconfigurations>
        <configuration name="example" usedresourcessize="l" inheritAnalyses="false">
            <availableAnalyses>
                <!--<analysis id='snvCalling' configuration='snvCallingAnalysis'/>-->
            </availableAnalyses>
            <configurationvalues>
            </configurationvalues>
        </configuration>
    </subconfigurations>
</configuration>
