<!--
  ~ Copyright (c) 2016 eilslabs.
  ~
  ~ Distributed under the MIT License (license terms are at https://www.github.com/eilslabs/Roddy/LICENSE.txt).
  -->

<configuration configurationType='project'
               name='skeletonProject_extended'
               description='An extended skeleton project xml class.'
               imports="coBaseProject"
               usedresourcessize="l">
    <availableAnalyses>
        <!-- Plugin versions can be different from the values listed here. Please use roddy.sh listavailableplugins to get a list of available plugins and versions. -->
        <!--<analysis id="snvCalling" configuration="snvCallingAnalysis" useplugin="COWorkflows:1.0.132-1" />-->
        <!--<analysis id="indelCalling" configuration="indelCallingAnalysis" useplugin="COWorkflows:1.0.132-1" />-->
        <!--<analysis id="copyNumberEstimation" configuration="copyNumberEstimationAnalysis" useplugin="CopyNumberEstimationWorkflow:1.0.189" />-->
        <!--<analysis id="telomereExtraction" configuration="telomereExtractionAnalysis" useplugin="COWorkflows:1.0.132-1" />-->
        <!--<analysis id="postMergeQC" configuration="postMergeQCAnalysis" useplugin="COWorkflows:1.0.132-1" />-->
    </availableAnalyses>
    <configurationvalues>
        <!--<cvalue name='inputBaseDirectory' value='$USERHOME/roddyTests/${projectName}/vbp' type='path'/>-->
        <!--<cvalue name='outputBaseDirectory' value='$USERHOME/roddyTests/${projectName}/rpp' type='path'/>-->
        <!--<cvalue name='outputAnalysisBaseDirectory' value='${outputBaseDirectory}/${pid}' type="path"/>-->


        <!-- Example settings for SNV calling -->
        <!--<cvalue name="CONFIDENCE_OPTS" value='"-c 0"' type="string" description="set to default settings."/>-->
    </configurationvalues>
    <subconfigurations>
        <!-- Use a more complex subconfiguration to enable detailed setup of another project with similar base settings -->
        <configuration name="example" usedresourcessize="l" inheritAnalyses="false">
            <availableAnalyses>
                <!--<analysis id='snvCalling' configuration='snvCallingAnalysis'/>-->
            </availableAnalyses>
            <configurationvalues>
                <!--<cvalue name='inputBaseDirectory' value='$USERHOME/roddyTests/${projectName}/vbp' type='path'/>-->
                <!--<cvalue name='outputBaseDirectory' value='$USERHOME/roddyTests/${projectName}/rpp' type='path'/>-->
            </configurationvalues>
        </configuration>

        <!-- If you have several (sub)projects in the same base folder, which share the same settings, you can
             also use simple project specification to easily enable processing of all projects.
             The following would e.g. enable the projects BOCA-UK and BRCA-EU like:
             (input)  /home/roddyuser/roddyTests/BOCA-UK/vbp
             (output) /home/roddyuser/roddyTests/BOCA-UK/rbp
             (input)  /home/roddyuser/roddyTests/BRCA-EU/vbp
             (output) /home/roddyuser/roddyTests/BRCA-EU/rbp
             -->
        <!--<configuration name='BOCA-UK' inheritAnalyses='true' usedresourcessize='xl'/>-->
        <!--<configuration name='BRCA-EU' inheritAnalyses='true' usedresourcessize='xl'/>-->

    </subconfigurations>
</configuration>
