<configuration configurationType='project'
               name='skeletonProject_minimal'
               description='A simple skeleton project xml class.'
               imports="coBaseProject"
               usedresourcessize="l">
    <availableAnalyses>
        <!-- Plugin versions can be different from the values listed here. Please use roddy.sh listavailableplugins to get a list of available plugins and versions. -->
        <!--<analysis id="snvCalling" configuration="snvCallingAnalysis" useplugin="COWorkflows:1.0.132-1" />-->
        <!--<analysis id="indelCalling" configuration="indelCallingAnalysis" useplugin="COWorkflows:1.0.132-1" />-->
        <!--<analysis id="copyNumberEstimation" configuration="copyNumberEstimationAnalysis" useplugin="CopyNumberEstimationWorkflow:1.0.189" />-->
        <!--<analysis id="telomereExtraction" configuration="telomereExtractionAnalysis" useplugin="COWorkflows:1.0.132-1" />-->
        <!--<analysis id="postMergeQC" configuration="postMergeQCAnalysis" useplugin="COWorkflows:1.0.132-1" />-->
    </availableAnalyses>
    <configurationvalues>
        <!--<cvalue name='inputBaseDirectory' value='$USERHOME/temp/roddyLocalTest/testproject/vbp' type='path'/>-->
        <!--<cvalue name='outputBaseDirectory' value='/icgc/dkfzlsdf/analysis/$USERGROUP/$USERNAME/roddyTests/${projectName}/rpp' type='path'/>-->
        <!--<cvalue name='outputAnalysisBaseDirectory' value='${outputBaseDirectory}/${pid}' type="path"/>-->

        <!-- Example settings for SNV calling -->
        <!--<cvalue name="CONFIDENCE_OPTS" value='"-c 0"' type="string" description="set to default settings."/>-->
    </configurationvalues>
</configuration>
