<configuration configurationType='project'
               name='skeletonProject_minimal'
               description='A simple skeleton project xml class.'
               imports="coBaseProject"
               usedresourcessize="l">
    <availableAnalyses>
        <!-- Plugin versions can be different from the values listed here. These are stable, default releases. -->

        <!-- Roddy 2.2.x -->
        <!--<analysis id='snvCalling' configuration='snvCallingAnalysis' useplugin="COWorkflows:1.0.132-4" />-->
        <!--<analysis id='indelCalling' configuration='indelCallingAnalysis'  useplugin="COWorkflows:1.0.132-4" />-->
        <!--<analysis id='copyNumberEstimation' configuration='copyNumberEstimationAnalysis' useplugin="CopyNumberEstimationWorkflow:1.0.189" />-->
        <!--<analysis id='delly' configuration='dellyAnalysis' useplugin="DellyWorkflow:0.1.12"/>-->

        <!-- Roddy 2.3.x -->
        <!--<analysis id='WES' configuration='exomeAnalysis' useplugin="AlignmentAndQCWorkflows:1.1.39" />-->
        <!--<analysis id='WGS' configuration='qcAnalysis' useplugin="AlignmentAndQCWorkflows:1.1.39" />-->
        <!--<analysis id='postMergeQC' configuration='postMergeQCAnalysis' useplugin="AlignmentAndQCWorkflows:1.1.39"/>-->
        <!--<analysis id='postMergeExomeQC' configuration='postMergeExomeQCAnalysis' useplugin="AlignmentAndQCWorkflows:1.1.39"/>-->

        <!-- Unreleased or Beta -->
        <!--<analysis id='rdw' configuration='snvRecurrenceDetectionAnalysis' useplugin="SNVRecurrenceDetectionWorkflow"/>-->
        <!--<analysis id='WGBS' configuration='bisulfiteCoreAnalysis' useplugin="AlignmentAndQCWorkflows:1.1.39"/>-->
    </availableAnalyses>
    <configurationvalues>
        <!--<cvalue name='inputBaseDirectory' value='$USERHOME/temp/roddyLocalTest/testproject/vbp' type='path'/>-->
        <!--<cvalue name='outputBaseDirectory' value='/icgc/dkfzlsdf/analysis/$USERGROUP/$USERNAME/roddyTests/${projectName}/rpp' type='path'/>-->
        <!--<cvalue name='outputAnalysisBaseDirectory' value='${outputBaseDirectory}/${pid}' type="path"/>-->

        <!-- Example settings for SNV calling -->
        <!--<cvalue name="CONFIDENCE_OPTS" value='"-c 0"' type="string" description="set to default settings."/>-->
    </configurationvalues>
</configuration>
